Family,System,NumAtoms,SMILES,charge_gn,E_gn,G_gn,E_ox,G_ox,E_rd,G_rd,dG_red,dG_ox
2c,03,35,C.C.C.C.C.C.C.C.C.C.C.C.C.C.C.C.C.N.O.O.[HH].[HH].[HH].[HH].[HH].[HH].[HH].[HH].[HH].[HH].[HH].[HH].[HH].[HH].[HH],0,-861.367098331,-861.132207,-861.09443867,-860.860387,-861.415401089,-861.183181,-0.9157579999999965,1.136604000000034
2a,06,21,Br.C.C.C.C.C.C.C.C.C.C.C.O.O.[HH].[HH].[HH].[HH].[HH].[HH].[HH],0,-3147.24295773,-3147.131136,-3146.90951488,-3146.800103,-3147.32042676,-3147.210774,-0.9444220000001591,1.1958169999998063
2b,00,29,C.C.C.C.C.C.C.C.C.C.C.C.C.C.O.O.O.O.O.O.O.S.[HH].[HH].[HH].[HH].[HH].[HH].[HH],-1,-1461.72089906,-1461.57133,-1461.55136884,-1461.404473,-1461.69957363,-1461.55344,-0.8468939999999205,1.031641000000036
4b,11,30,C.C.C.C.C.C.C.C.C.C.C.C.C.C.N.N.N.N.[HH].[HH].[HH].[HH].[HH].[HH].[HH].[HH].[HH].[HH].[HH].[HH],2,-758.454933515,-758.262018,-757.827504123,-757.639013,-758.81296482,-758.623278,-1.2260440000000157,1.4877890000000207
4b,00,40,C.C.C.C.C.C.C.C.C.C.C.C.C.C.C.C.N.N.[HH].[HH].[HH].[HH].[HH].[HH].[HH].[HH].[HH].[HH].[HH].[HH].[HH].[HH].[HH].[HH].[HH].[HH].[HH].[HH].[HH].[HH],2,-731.337407667,-731.032784,-730.759117813,-730.460909,-731.644352811,-731.343406,-1.1754059999999666,1.4366589999999633
3c,09,36,C.C.C.C.C.C.C.C.C.C.C.C.C.C.C.N.N.O.[HH].[HH].[HH].[HH].[HH].[HH].[HH].[HH].[HH].[HH].[HH].[HH].[HH].[HH].[HH].[HH].[HH].[HH],2,-765.974512779,-765.706319,-765.411371104,-765.151118,-766.304692033,-766.039878,-1.1983430000000366,1.419984999999997
2d,08,31,C.C.C.C.C.C.C.C.C.C.C.C.C.C.C.N.O.O.O.O.O.O.O.O.[HH].[HH].[HH].[HH].[HH].[HH].[HH],0,-1231.54575575,-1231.386953,-1231.23347638,-1231.078255,-1231.63958022,-1231.483126,-0.9609570000001353,1.1734820000001491
2c,00,38,C.C.C.C.C.C.C.C.C.C.C.C.C.C.C.C.C.C.N.O.O.[HH].[HH].[HH].[HH].[HH].[HH].[HH].[HH].[HH].[HH].[HH].[HH].[HH].[HH].[HH].[HH].[HH],0,-900.649554154,-900.389798,-900.379746025,-900.121143,-900.69622375,-900.438425,-0.9134110000000104,1.1334390000000667
4b,05,42,C.C.C.C.C.C.C.C.C.C.C.C.C.C.C.C.N.N.O.O.[HH].[HH].[HH].[HH].[HH].[HH].[HH].[HH].[HH].[HH].[HH].[HH].[HH].[HH].[HH].[HH].[HH].[HH].[HH].[HH].[HH].[HH],2,-881.68048599,-881.364563,-881.121825017,-880.813282,-881.98654118,-881.674094,-1.1743149999999927,1.4160650000000032
2d,04,18,C.C.C.C.C.C.C.C.N.N.N.O.O.[HH].[HH].[HH].[HH].[HH],0,-622.053443783,-621.964242,-621.763966568,-621.677002,-622.147305913,-622.05849,-0.9590319999999932,1.152023999999983
4d,00,22,C.C.C.C.C.C.C.C.C.C.C.C.N.N.[HH].[HH].[HH].[HH].[HH].[HH].[HH].[HH],0,-571.140597019,-571.003161,-570.842172712,-570.707885,-571.150385219,-571.02003,-0.8816530000000424,1.1600599999999304
3c,16,27,C.C.C.C.C.C.C.C.C.C.C.C.N.N.O.[HH].[HH].[HH].[HH].[HH].[HH].[HH].[HH].[HH].[HH].[HH].[HH],2,-648.126863455,-647.937393,-647.502412225,-647.317399,-648.473804251,-648.2876,-1.2149909999999549,1.4847780000000057
3f,08,34,C.C.C.C.C.C.C.C.C.C.C.C.C.C.C.C.N.N.[HH].[HH].[HH].[HH].[HH].[HH].[HH].[HH].[HH].[HH].[HH].[HH].[HH].[HH].[HH].[HH],2,-727.67146377,-727.417502,-727.079173238,-726.829224,-728.001096011,-727.75047,-1.197751999999937,1.4530620000000454
1b,02,35,C.C.C.C.C.C.C.C.C.C.C.C.C.C.C.C.C.C.C.N.O.S.[HH].[HH].[HH].[HH].[HH].[HH].[HH].[HH].[HH].[HH].[HH].[HH].[HH],0,-1259.2134122,-1258.988243,-1258.96213069,-1258.73855,-1259.2380724,-1259.018968,-0.8955090000000749,1.114477000000079
4a,04,38,C.C.C.C.C.C.C.C.C.C.C.C.C.C.N.N.N.N.[HH].[HH].[HH].[HH].[HH].[HH].[HH].[HH].[HH].[HH].[HH].[HH].[HH].[HH].[HH].[HH].[HH].[HH].[HH].[HH],2,-763.387125148,-763.097661,-762.87267313,-762.589126,-763.69785384,-763.41307,-1.1801929999999314,1.3733190000000377
4c,06,25,C.C.C.C.C.C.C.C.C.C.C.N.N.O.[HH].[HH].[HH].[HH].[HH].[HH].[HH].[HH].[HH].[HH].[HH],1,-609.748992832,-609.583358,-609.339939499,-609.176007,-609.941550198,-609.780784,-1.062210000000064,1.2721349999999347
4a,01,30,C.C.C.C.C.C.C.C.C.C.C.C.C.C.N.N.N.N.[HH].[HH].[HH].[HH].[HH].[HH].[HH].[HH].[HH].[HH].[HH].[HH],2,-758.451568926,-758.258895,-757.823388699,-757.63556,-758.802643101,-758.613428,-1.2193169999999467,1.4881189999999833
3f,07,31,C.C.C.C.C.C.C.C.C.C.C.C.C.C.C.N.N.[HH].[HH].[HH].[HH].[HH].[HH].[HH].[HH].[HH].[HH].[HH].[HH].[HH].[HH],2,-688.390843236,-688.165198,-687.799766422,-687.577508,-688.737019083,-688.513592,-1.2131779999999848,1.452474000000052
2c,10,29,C.C.C.C.C.C.C.C.C.C.C.C.C.C.C.N.O.O.[HH].[HH].[HH].[HH].[HH].[HH].[HH].[HH].[HH].[HH].[HH],0,-782.793980963,-782.610557,-782.509815209,-782.326982,-782.847355208,-782.66631,-0.9205369999999815,1.148358999999914
3f,06,28,C.C.C.C.C.C.C.C.C.C.C.C.C.C.N.N.[HH].[HH].[HH].[HH].[HH].[HH].[HH].[HH].[HH].[HH].[HH].[HH],2,-649.13039579,-648.930724,-648.528296804,-648.332379,-649.470611803,-649.274444,-1.208503999999962,1.4631290000000945
3e,00,38,C.C.C.C.C.C.C.C.C.C.C.C.C.C.C.C.N.N.[HH].[HH].[HH].[HH].[HH].[HH].[HH].[HH].[HH].[HH].[HH].[HH].[HH].[HH].[HH].[HH].[HH].[HH].[HH].[HH],2,-730.102763247,-729.813426,-729.495149331,-729.211363,-730.414637801,-730.125921,-1.177278999999899,1.4668470000000298
3d,04,33,C.C.C.C.C.C.C.C.C.C.C.C.C.C.N.N.O.[HH].[HH].[HH].[HH].[HH].[HH].[HH].[HH].[HH].[HH].[HH].[HH].[HH].[HH].[HH].[HH],2,-726.691924981,-726.448265,-726.115551556,-725.877249,-726.998800102,-726.760657,-1.1771760000000453,1.435799999999972
4b,03,34,C.C.C.C.C.C.C.C.C.C.C.C.C.C.N.N.[HH].[HH].[HH].[HH].[HH].[HH].[HH].[HH].[HH].[HH].[HH].[HH].[HH].[HH].[HH].[HH].[HH].[HH],2,-652.747223726,-652.498003,-652.145567744,-651.897914,-653.056590718,-652.806152,-1.1729329999999576,1.4648730000000114
1a,05,23,Br.C.C.C.C.C.C.C.C.C.C.C.C.N.S.[HH].[HH].[HH].[HH].[HH].[HH].[HH].[HH],0,-3488.36348791,-3488.233712,-3488.11936786,-3487.989368,-3488.36658432,-3488.244495,-0.8755669999997193,1.1091280000000552
4d,02,30,C.C.C.C.C.C.C.C.C.C.C.C.C.C.N.N.[HH].[HH].[HH].[HH].[HH].[HH].[HH].[HH].[HH].[HH].[HH].[HH].[HH].[HH],2,-650.341077663,-650.125241,-649.748874733,-649.537613,-650.667017109,-650.455621,-1.195163999999991,1.4524119999999812
3b,02,34,C.C.C.C.C.C.C.C.C.C.C.C.C.C.C.C.C.C.N.N.[HH].[HH].[HH].[HH].[HH].[HH].[HH].[HH].[HH].[HH].[HH].[HH].[HH].[HH],2,-802.602057902,-802.365579,-802.05612869,-801.822789,-802.935383927,-802.702866,-1.2020709999999466,1.4075740000000678
4b,09,54,C.C.C.C.C.C.C.C.C.C.C.C.C.C.C.C.C.C.C.C.C.C.C.C.C.C.N.N.[HH].[HH].[HH].[HH].[HH].[HH].[HH].[HH].[HH].[HH].[HH].[HH].[HH].[HH].[HH].[HH].[HH].[HH].[HH].[HH].[HH].[HH].[HH].[HH].[HH].[HH],2,-1114.49568161,-1114.095448,-1114.00693554,-1113.611921,-1114.7970855,-1114.401812,-1.1711480000000305,1.3483110000001943
4b,06,44,C.C.C.C.C.C.C.C.C.C.C.C.C.C.C.C.C.C.N.N.O.O.[HH].[HH].[HH].[HH].[HH].[HH].[HH].[HH].[HH].[HH].[HH].[HH].[HH].[HH].[HH].[HH].[HH].[HH].[HH].[HH].[HH].[HH],2,-957.826387091,-957.509446,-957.290187171,-956.977357,-958.136819913,-957.823243,-1.1785810000000223,1.3968730000000278
3c,14,29,C.C.C.C.C.C.C.C.C.C.C.C.C.N.N.[HH].[HH].[HH].[HH].[HH].[HH].[HH].[HH].[HH].[HH].[HH].[HH].[HH].[HH],2,-612.245191959,-612.032786,-611.633970285,-611.427059,-612.583811542,-612.374439,-1.2064370000000648,1.4705109999999877
1a,10,27,C.C.C.C.C.C.C.C.C.C.C.C.C.N.O.S.[HH].[HH].[HH].[HH].[HH].[HH].[HH].[HH].[HH].[HH].[HH],0,-1029.54567042,-1029.373456,-1029.31453109,-1029.141933,-1029.52168018,-1029.358302,-0.8496300000000614,1.0963070000000243
3c,02,38,C.C.C.C.C.C.C.C.C.C.C.C.C.C.C.C.N.N.[HH].[HH].[HH].[HH].[HH].[HH].[HH].[HH].[HH].[HH].[HH].[HH].[HH].[HH].[HH].[HH].[HH].[HH].[HH].[HH],2,-730.124265542,-729.83609,-729.547831781,-729.266078,-730.442360708,-730.156475,-1.1851689999999875,1.4347960000000057
3c,07,30,C.C.C.C.C.C.C.C.C.C.C.C.C.N.N.O.[HH].[HH].[HH].[HH].[HH].[HH].[HH].[HH].[HH].[HH].[HH].[HH].[HH].[HH],2,-687.411147696,-687.195505,-686.832401421,-686.622237,-687.741787386,-687.530007,-1.1992859999999295,1.4380519999999706
2a,10,24,C.C.C.C.C.C.C.C.C.C.C.C.O.O.[HH].[HH].[HH].[HH].[HH].[HH].[HH].[HH].[HH].[HH],0,-613.271368322,-613.121458,-612.945252261,-612.798726,-613.335306509,-613.186739,-0.9300650000000272,1.1875159999999596
4a,11,50,C.C.C.C.C.C.C.C.C.C.C.C.C.C.C.C.C.C.C.C.C.C.C.C.C.C.N.N.N.N.[HH].[HH].[HH].[HH].[HH].[HH].[HH].[HH].[HH].[HH].[HH].[HH].[HH].[HH].[HH].[HH].[HH].[HH].[HH].[HH],2,-1220.19305517,-1219.852503,-1219.68929891,-1219.353196,-1220.52268424,-1220.184963,-1.1972439999998554,1.364091000000144
3c,01,32,C.C.C.C.C.C.C.C.C.C.C.C.C.C.N.N.[HH].[HH].[HH].[HH].[HH].[HH].[HH].[HH].[HH].[HH].[HH].[HH].[HH].[HH].[HH].[HH],2,-651.541950228,-651.307312,-650.932907209,-650.702434,-651.873227973,-651.639525,-1.1969970000000243,1.4696619999999712
4a,07,38,C.C.C.C.C.C.C.C.C.C.C.C.C.C.C.C.N.N.O.O.[HH].[HH].[HH].[HH].[HH].[HH].[HH].[HH].[HH].[HH].[HH].[HH].[HH].[HH].[HH].[HH].[HH].[HH],2,-879.245380571,-878.979226,-878.701551706,-878.440847,-879.565310369,-879.304655,-1.1902129999999855,1.4031630000000632
1a,09,23,C.C.C.C.C.C.C.C.C.C.C.C.I.N.S.[HH].[HH].[HH].[HH].[HH].[HH].[HH].[HH],0,-1212.22424281,-1212.095697,-1211.98108819,-1211.852383,-1212.24168806,-1212.119789,-0.8888760000001097,1.1080980000001546
3c,13,32,C.C.C.C.C.C.C.C.C.C.C.C.C.C.N.N.[HH].[HH].[HH].[HH].[HH].[HH].[HH].[HH].[HH].[HH].[HH].[HH].[HH].[HH].[HH].[HH],2,-651.526065497,-651.286671,-650.920696749,-650.687268,-651.861769048,-651.625407,-1.20352000000004,1.4641869999999244
4b,01,34,C.C.C.C.C.C.C.C.C.C.C.C.C.C.N.N.[HH].[HH].[HH].[HH].[HH].[HH].[HH].[HH].[HH].[HH].[HH].[HH].[HH].[HH].[HH].[HH].[HH].[HH],2,-652.75931298,-652.504949,-652.156691349,-651.909689,-653.077615662,-652.827007,-1.18684199999997,1.460044000000039
3f,10,28,C.C.C.C.C.C.C.C.C.C.C.C.N.N.[HH].[HH].[HH].[HH].[HH].[HH].[HH].[HH].[HH].[HH].[HH].[HH].[HH].[HH],2,-574.157417682,-573.956684,-573.530759294,-573.333412,-574.489184159,-574.289431,-1.1975310000000403,1.4880560000000287
1b,00,41,C.C.C.C.C.C.C.C.C.C.C.C.C.C.C.C.C.C.N.N.S.[HH].[HH].[HH].[HH].[HH].[HH].[HH].[HH].[HH].[HH].[HH].[HH].[HH].[HH].[HH].[HH].[HH].[HH].[HH].[HH],0,-1204.85499505,-1204.55615,-1204.61870158,-1204.321335,-1204.83374209,-1204.542516,-0.8511500000000891,1.0995989999998983
2c,09,33,C.C.C.C.C.C.C.C.C.C.C.C.C.C.C.C.C.N.O.O.[HH].[HH].[HH].[HH].[HH].[HH].[HH].[HH].[HH].[HH].[HH].[HH].[HH],0,-860.158044279,-859.939558,-859.884670391,-859.667684,-860.210201736,-859.994479,-0.9197049999999221,1.1366580000000113
2c,07,41,C.C.C.C.C.C.C.C.C.C.C.C.C.C.C.C.C.C.C.N.O.O.O.O.[HH].[HH].[HH].[HH].[HH].[HH].[HH].[HH].[HH].[HH].[HH].[HH].[HH].[HH].[HH].[HH].[HH],0,-1089.08295961,-1088.811387,-1088.80045975,-1088.530499,-1089.14133235,-1088.872208,-0.9256050000000327,1.1456720000001042
4a,17,28,C.C.C.C.C.C.C.C.C.C.C.C.N.N.[HH].[HH].[HH].[HH].[HH].[HH].[HH].[HH].[HH].[HH].[HH].[HH].[HH].[HH],2,-574.173264739,-573.973277,-573.544925515,-573.351223,-574.505391001,-574.308219,-1.1997259999999554,1.4868380000000343
2a,03,22,C.C.C.C.C.C.C.C.C.C.C.O.O.O.[HH].[HH].[HH].[HH].[HH].[HH].[HH].[HH],0,-649.157868895,-649.029103,-648.823000758,-648.699018,-649.223632779,-649.097817,-0.9334979999999999,1.194868999999926
4d,01,30,C.C.C.C.C.C.C.C.C.C.C.C.C.C.N.N.[HH].[HH].[HH].[HH].[HH].[HH].[HH].[HH].[HH].[HH].[HH].[HH].[HH].[HH],2,-650.322696838,-650.106566,-649.731696771,-649.519782,-650.646492842,-650.434828,-1.1930459999999952,1.4515680000000657
3f,02,51,C.C.C.C.C.C.C.C.C.C.C.C.C.C.C.C.C.C.C.C.C.C.C.C.C.C.C.N.N.[HH].[HH].[HH].[HH].[HH].[HH].[HH].[HH].[HH].[HH].[HH].[HH].[HH].[HH].[HH].[HH].[HH].[HH].[HH].[HH].[HH].[HH],2,-1150.15396128,-1149.777583,-1149.65137785,-1149.279708,-1150.46280515,-1150.090199,-1.1773999999999345,1.3626590000001215
4d,05,30,C.C.C.C.C.C.C.C.C.C.C.C.C.C.N.N.[HH].[HH].[HH].[HH].[HH].[HH].[HH].[HH].[HH].[HH].[HH].[HH].[HH].[HH],2,-650.346602941,-650.13206,-649.769622351,-649.558479,-650.673095704,-650.462667,-1.1953909999999863,1.4383649999999761
2a,01,25,C.C.C.C.C.C.C.C.C.C.C.C.O.O.O.[HH].[HH].[HH].[HH].[HH].[HH].[HH].[HH].[HH].[HH],0,-688.422424383,-688.267799,-688.094030743,-687.944364,-688.489378793,-688.337638,-0.9346230000000018,1.1882190000000037
4a,15,34,C.C.C.C.C.C.C.C.C.C.C.C.C.C.N.N.[HH].[HH].[HH].[HH].[HH].[HH].[HH].[HH].[HH].[HH].[HH].[HH].[HH].[HH].[HH].[HH].[HH].[HH],2,-652.743345266,-652.4875,-652.132742283,-651.884298,-653.071517343,-652.820139,-1.1974230000000856,1.4679859999999962
1c,01,29,C.C.C.C.C.C.C.C.C.C.C.C.C.C.C.C.N.S.[HH].[HH].[HH].[HH].[HH].[HH].[HH].[HH].[HH].[HH].[HH],0,-1068.61751927,-1068.430781,-1068.38577748,-1068.198703,-1068.62066242,-1068.44131,-0.8753129999999059,1.096862000000101
1a,03,31,C.C.C.C.C.C.C.C.C.C.C.C.C.C.N.O.O.S.[HH].[HH].[HH].[HH].[HH].[HH].[HH].[HH].[HH].[HH].[HH].[HH].[HH],0,-1143.98797951,-1143.786647,-1143.76515797,-1143.563536,-1143.96104963,-1143.770605,-0.8487420000000296,1.0878949999998895
1c,02,35,C.C.C.C.C.C.C.C.C.C.C.C.C.C.C.C.C.C.C.C.N.S.[HH].[HH].[HH].[HH].[HH].[HH].[HH].[HH].[HH].[HH].[HH].[HH].[HH],0,-1222.12868897,-1221.898741,-1221.90387418,-1221.673824,-1222.14469785,-1221.923655,-0.8896980000000807,1.0897010000001046
1a,08,23,C.C.C.C.C.C.C.C.C.C.C.C.F.N.S.[HH].[HH].[HH].[HH].[HH].[HH].[HH].[HH],0,-1014.29371477,-1014.160027,-1014.05059104,-1013.916582,-1014.27810952,-1014.152135,-0.8568920000000302,1.1082290000000512
4d,09,30,C.C.C.C.C.C.C.C.C.C.C.C.C.C.N.N.[HH].[HH].[HH].[HH].[HH].[HH].[HH].[HH].[HH].[HH].[HH].[HH].[HH].[HH],2,-650.337952868,-650.120914,-649.740098475,-649.527706,-650.665950981,-650.452599,-1.1964689999999931,1.4579919999999902
2c,08,26,C.C.C.C.C.C.C.C.C.C.C.C.N.O.O.[HH].[HH].[HH].[HH].[HH].[HH].[HH].[HH].[HH].[HH].[HH],0,-668.584159691,-668.41482,-668.298990777,-668.13342,-668.628370629,-668.461818,-0.9117820000000305,1.1461839999999484
4c,05,29,C.C.C.C.C.C.C.C.C.C.C.C.C.N.N.N.[HH].[HH].[HH].[HH].[HH].[HH].[HH].[HH].[HH].[HH].[HH].[HH].[HH],2,-666.312497927,-666.116281,-665.683743118,-665.492063,-666.654547902,-666.461136,-1.2096390000000523,1.489001999999914
4a,18,42,C.C.C.C.C.C.C.C.C.C.C.C.C.C.C.C.C.C.C.C.C.C.N.N.[HH].[HH].[HH].[HH].[HH].[HH].[HH].[HH].[HH].[HH].[HH].[HH].[HH].[HH].[HH].[HH].[HH].[HH],2,-957.348054905,-957.048385,-956.831424719,-956.536491,-957.666978512,-957.370264,-1.1866629999999672,1.3766780000000836
1a,04,29,C.C.C.C.C.C.C.C.C.C.C.C.C.C.N.S.[HH].[HH].[HH].[HH].[HH].[HH].[HH].[HH].[HH].[HH].[HH].[HH].[HH],0,-993.66717143,-993.475903,-993.436868052,-993.244054,-993.644761072,-993.460097,-0.8489780000000022,1.096632999999997
1a,13,27,C.C.C.C.C.C.C.C.C.C.C.C.C.Cl.N.O.S.[HH].[HH].[HH].[HH].[HH].[HH].[HH].[HH].[HH].[HH],0,-1489.01096773,-1488.850503,-1488.7763231,-1488.615281,-1488.9951925,-1488.842684,-0.8569650000000733,1.100005999999894
3c,18,36,C.C.C.C.C.C.C.C.C.C.C.C.C.C.C.C.C.C.N.N.[HH].[HH].[HH].[HH].[HH].[HH].[HH].[HH].[HH].[HH].[HH].[HH].[HH].[HH].[HH].[HH],2,-803.824263038,-803.563633,-803.278474701,-803.022624,-804.157389584,-803.899965,-1.2011159999999703,1.405793000000017
2c,01,39,C.C.C.C.C.C.C.C.C.C.C.C.C.C.C.C.C.C.C.N.O.O.[HH].[HH].[HH].[HH].[HH].[HH].[HH].[HH].[HH].[HH].[HH].[HH].[HH].[HH].[HH].[HH].[HH],0,-938.727570518,-938.458062,-938.460517259,-938.192801,-938.775208174,-938.50836,-0.915081999999998,1.1300449999999955
4c,01,33,C.C.C.C.C.C.C.C.C.C.C.C.C.C.N.N.O.[HH].[HH].[HH].[HH].[HH].[HH].[HH].[HH].[HH].[HH].[HH].[HH].[HH].[HH].[HH].[HH],2,-726.709650762,-726.476499,-726.143605038,-725.916372,-727.035444122,-726.806498,-1.1947830000000434,1.4249109999999519
4a,13,36,C.C.C.C.C.C.C.C.C.C.C.C.C.C.C.C.N.N.[HH].[HH].[HH].[HH].[HH].[HH].[HH].[HH].[HH].[HH].[HH].[HH].[HH].[HH].[HH].[HH].[HH].[HH],2,-728.83594235,-728.574282,-728.290618229,-728.033977,-729.158708442,-728.900536,-1.191037999999949,1.4050889999999754
4a,03,40,C.C.C.C.C.C.C.C.C.C.C.C.C.C.C.C.N.N.[HH].[HH].[HH].[HH].[HH].[HH].[HH].[HH].[HH].[HH].[HH].[HH].[HH].[HH].[HH].[HH].[HH].[HH].[HH].[HH].[HH].[HH],2,-731.314786048,-731.007512,-730.713286816,-730.412884,-731.634028504,-731.329749,-1.1870209999999728,1.459412000000043
2d,01,38,C.C.C.C.C.C.C.C.C.C.C.C.C.C.C.C.C.C.C.C.N.N.O.O.[HH].[HH].[HH].[HH].[HH].[HH].[HH].[HH].[HH].[HH].[HH].[HH].[HH].[HH],0,-1029.65882624,-1029.413344,-1029.40207823,-1029.157534,-1029.74369705,-1029.500038,-0.9514779999998522,1.1205940000002101
3c,15,32,C.C.C.C.C.C.C.C.C.C.C.C.C.C.N.N.[HH].[HH].[HH].[HH].[HH].[HH].[HH].[HH].[HH].[HH].[HH].[HH].[HH].[HH].[HH].[HH],2,-651.52257018,-651.283377,-650.906586984,-650.671856,-651.860886131,-651.624951,-1.206358000000037,1.4763049999999112
4a,09,46,C.C.C.C.C.C.C.C.C.C.C.C.C.C.C.C.C.C.C.C.C.C.N.N.N.N.[HH].[HH].[HH].[HH].[HH].[HH].[HH].[HH].[HH].[HH].[HH].[HH].[HH].[HH].[HH].[HH].[HH].[HH].[HH].[HH],2,-1067.98707676,-1067.65853,-1067.48574152,-1067.163588,-1068.29367688,-1067.970097,-1.1763509999999682,1.359726000000137
3c,12,26,Br.C.C.C.C.C.C.C.C.C.C.C.C.N.N.[HH].[HH].[HH].[HH].[HH].[HH].[HH].[HH].[HH].[HH].[HH],2,-3146.20432467,-3146.031494,-3145.5984809,-3145.428796,-3146.54917383,-3146.379718,-1.2130080000003003,1.4674819999995634
3f,00,30,C.C.C.C.C.C.C.C.C.C.C.C.C.C.N.N.[HH].[HH].[HH].[HH].[HH].[HH].[HH].[HH].[HH].[HH].[HH].[HH].[HH].[HH],2,-650.296905524,-650.079961,-649.703550407,-649.490133,-650.637488615,-650.425835,-1.2106579999999807,1.4546119999999974
4d,07,36,C.C.C.C.C.C.C.C.C.C.C.C.C.C.C.C.C.C.C.C.N.N.[HH].[HH].[HH].[HH].[HH].[HH].[HH].[HH].[HH].[HH].[HH].[HH].[HH].[HH],2,-878.815093799,-878.564297,-878.291898248,-878.043488,-879.120992025,-878.873566,-1.174052999999972,1.3855929999999717
4a,16,30,C.C.C.C.C.C.C.C.C.C.C.C.N.N.O.O.[HH].[HH].[HH].[HH].[HH].[HH].[HH].[HH].[HH].[HH].[HH].[HH].[HH].[HH],2,-724.390293484,-724.18272,-723.800071233,-723.595595,-724.72456039,-724.522543,-1.204607000000024,1.4519090000000006
2d,07,36,C.C.C.C.C.C.C.C.C.C.C.C.C.C.C.C.N.N.O.O.O.O.O.O.O.O.S.S.[HH].[HH].[HH].[HH].[HH].[HH].[HH].[HH],-2,-2121.17593795,-2121.001453,-2121.08779473,-2120.913524,-2121.09047662,-2120.918848,-0.7821789999999422,0.952712999999676
3b,01,27,C.C.C.C.C.C.C.C.C.C.C.C.C.N.N.[HH].[HH].[HH].[HH].[HH].[HH].[HH].[HH].[HH].[HH].[HH].[HH],2,-611.016551703,-610.827554,-610.401032695,-610.217286,-611.358587218,-611.173437,-1.2106670000000717,1.4750520000000051
3e,02,32,C.C.C.C.C.C.C.C.C.C.C.C.C.C.N.N.[HH].[HH].[HH].[HH].[HH].[HH].[HH].[HH].[HH].[HH].[HH].[HH].[HH].[HH].[HH].[HH],2,-651.514403286,-651.272099,-650.89002556,-650.652408,-651.840335175,-651.601363,-1.1940479999999665,1.484474999999975
3e,01,44,C.C.C.C.C.C.C.C.C.C.C.C.C.C.C.C.C.C.N.N.[HH].[HH].[HH].[HH].[HH].[HH].[HH].[HH].[HH].[HH].[HH].[HH].[HH].[HH].[HH].[HH].[HH].[HH].[HH].[HH].[HH].[HH].[HH].[HH],2,-808.683536951,-808.34022,-808.10693538,-807.770594,-808.983687037,-808.642717,-1.167280999999903,1.4344100000000708
4a,14,48,C.C.C.C.C.C.C.C.C.C.C.C.C.C.C.C.C.C.C.C.C.C.C.C.N.N.[HH].[HH].[HH].[HH].[HH].[HH].[HH].[HH].[HH].[HH].[HH].[HH].[HH].[HH].[HH].[HH].[HH].[HH].[HH].[HH].[HH].[HH],2,-1035.90972965,-1035.56033,-1035.41736377,-1035.073385,-1036.22309168,-1035.877026,-1.1814799999998653,1.351729000000205
3c,10,35,C.C.C.C.C.C.C.C.C.C.C.C.C.C.C.C.C.N.N.N.[HH].[HH].[HH].[HH].[HH].[HH].[HH].[HH].[HH].[HH].[HH].[HH].[HH].[HH].[HH],2,-819.867248686,-819.617726,-819.316084401,-819.071763,-820.194471527,-819.948507,-1.1955650000000018,1.4107469999999012
1d,00,24,C.C.C.C.C.C.C.C.C.C.C.C.N.O.S.[HH].[HH].[HH].[HH].[HH].[HH].[HH].[HH].[HH],0,-990.246200602,-990.100371,-989.983537412,-989.837649,-990.226706903,-990.089341,-0.8537539999999948,1.1275059999999257
4a,19,22,C.C.C.C.C.C.C.C.C.C.N.N.[HH].[HH].[HH].[HH].[HH].[HH].[HH].[HH].[HH].[HH],2,-495.608030401,-495.454564,-494.953087259,-494.805399,-495.955984706,-495.806375,-1.2165949999999979,1.5139489999999682
2d,00,42,C.C.C.C.C.C.C.C.C.C.C.C.C.C.C.C.C.C.C.C.C.N.N.N.O.[HH].[HH].[HH].[HH].[HH].[HH].[HH].[HH].[HH].[HH].[HH].[HH].[HH].[HH].[HH].[HH].[HH],0,-1049.07418576,-1048.790451,-1048.81357478,-1048.531436,-1049.15586104,-1048.873377,-0.9477099999998158,1.12379900000019
4b,04,40,C.C.C.C.C.C.C.C.C.C.C.C.C.C.C.C.Cl.Cl.N.N.[HH].[HH].[HH].[HH].[HH].[HH].[HH].[HH].[HH].[HH].[HH].[HH].[HH].[HH].[HH].[HH].[HH].[HH].[HH].[HH],2,-1650.24522332,-1649.958263,-1649.67675603,-1649.395642,-1650.56192066,-1650.278153,-1.1846739999999867,1.4274050000001353
3c,04,26,C.C.C.C.C.C.C.C.C.C.C.C.N.N.[HH].[HH].[HH].[HH].[HH].[HH].[HH].[HH].[HH].[HH].[HH].[HH],2,-572.952380009,-572.765134,-572.325381909,-572.142925,-573.298347446,-573.114479,-1.2141289999999711,1.486992999999984
3f,04,34,C.C.C.C.C.C.C.C.C.C.C.C.C.C.C.C.N.N.[HH].[HH].[HH].[HH].[HH].[HH].[HH].[HH].[HH].[HH].[HH].[HH].[HH].[HH].[HH].[HH],2,-727.692620477,-727.440176,-727.10146674,-726.854606,-728.021994745,-727.773093,-1.1977010000000659,1.4503539999999475
1a,12,25,C.C.C.C.C.C.C.C.C.C.C.C.N.N.O.O.S.[HH].[HH].[HH].[HH].[HH].[HH].[HH].[HH],0,-1119.49058905,-1119.34871,-1119.2319129,-1119.090182,-1119.52813385,-1119.390639,-0.9067129999999819,1.123312000000169
1a,01,27,C.C.C.C.C.C.C.C.C.C.C.C.C.N.O.S.[HH].[HH].[HH].[HH].[HH].[HH].[HH].[HH].[HH].[HH].[HH],0,-1029.54855094,-1029.375949,-1029.31619674,-1029.143114,-1029.5247761,-1029.361654,-0.8504890000000527,1.0976190000001225
3a,01,22,C.C.C.C.C.C.C.C.C.C.N.N.[HH].[HH].[HH].[HH].[HH].[HH].[HH].[HH].[HH].[HH],2,-495.585935657,-495.434288,-494.941914991,-494.793597,-495.93847434,-495.789563,-1.220059000000006,1.50547499999999
1a,07,30,C.C.C.C.C.C.C.C.C.C.C.C.C.C.N.O.S.[HH].[HH].[HH].[HH].[HH].[HH].[HH].[HH].[HH].[HH].[HH].[HH].[HH],0,-1068.8271011,-1068.628632,-1068.59797088,-1068.399062,-1068.80441702,-1068.61532,-0.8514720000001856,1.0943540000000667
4a,00,34,C.C.C.C.C.C.C.C.C.C.C.C.C.C.N.N.O.O.O.O.[HH].[HH].[HH].[HH].[HH].[HH].[HH].[HH].[HH].[HH].[HH].[HH].[HH].[HH],2,-951.086223013,-950.861914,-950.509357939,-950.290043,-951.414275962,-951.197022,-1.199891999999991,1.4366549999999734
2a,00,18,C.C.C.C.C.C.C.C.C.C.O.O.[HH].[HH].[HH].[HH].[HH].[HH],0,-534.688881161,-534.590028,-534.374378549,-534.278698,-534.75918766,-534.663101,-0.9378570000000221,1.1761139999999841
3b,00,24,C.C.C.C.C.C.C.C.C.C.C.C.N.N.[HH].[HH].[HH].[HH].[HH].[HH].[HH].[HH].[HH].[HH],2,-571.723118388,-571.559797,-571.089660926,-570.931767,-572.071748593,-571.912426,-1.217412999999979,1.492813999999953
3c,00,32,C.C.C.C.C.C.C.C.C.C.C.C.C.C.N.N.[HH].[HH].[HH].[HH].[HH].[HH].[HH].[HH].[HH].[HH].[HH].[HH].[HH].[HH].[HH].[HH],2,-651.520470992,-651.281445,-650.916507889,-650.682524,-651.850057809,-651.613843,-1.197182000000012,1.4637050000000045
1b,05,44,C.C.C.C.C.C.C.C.C.C.C.C.C.C.C.C.C.C.C.N.N.S.[HH].[HH].[HH].[HH].[HH].[HH].[HH].[HH].[HH].[HH].[HH].[HH].[HH].[HH].[HH].[HH].[HH].[HH].[HH].[HH].[HH].[HH],0,-1244.14243617,-1243.814695,-1243.90397942,-1243.576263,-1244.11967771,-1243.800733,-0.8508220000000077,1.1032160000002023
3f,01,37,C.C.C.C.C.C.C.C.C.C.C.C.C.C.C.C.C.N.N.[HH].[HH].[HH].[HH].[HH].[HH].[HH].[HH].[HH].[HH].[HH].[HH].[HH].[HH].[HH].[HH].[HH].[HH],2,-766.985019256,-766.706944,-766.402148682,-766.130512,-767.306529225,-767.032154,-1.18999399999997,1.441216000000054
4a,05,34,C.C.C.C.C.C.C.C.C.C.C.C.C.C.Cl.Cl.N.N.[HH].[HH].[HH].[HH].[HH].[HH].[HH].[HH].[HH].[HH].[HH].[HH].[HH].[HH].[HH].[HH],2,-1571.66528323,-1571.430894,-1571.09096454,-1570.861787,-1571.99310192,-1571.76266,-1.196550000000016,1.4338910000001306
4c,02,32,C.C.C.C.C.C.C.C.C.C.C.C.C.C.N.N.[HH].[HH].[HH].[HH].[HH].[HH].[HH].[HH].[HH].[HH].[HH].[HH].[HH].[HH].[HH].[HH],2,-651.504699221,-651.273895,-650.936419278,-650.71046,-651.832074274,-651.604268,-1.1951570000000087,1.4282190000000128
3f,09,40,C.C.C.C.C.C.C.C.C.C.C.C.C.C.C.C.C.C.C.C.N.N.[HH].[HH].[HH].[HH].[HH].[HH].[HH].[HH].[HH].[HH].[HH].[HH].[HH].[HH].[HH].[HH].[HH].[HH],2,-881.204293008,-880.913885,-880.657021855,-880.370296,-881.523412625,-881.234292,-1.185190999999932,1.4083729999999832
2d,06,22,C.C.C.C.C.C.C.C.C.N.O.O.O.[HH].[HH].[HH].[HH].[HH].[HH].[HH].[HH].[HH],0,-628.292193558,-628.159466,-628.002215131,-627.872524,-628.356986731,-628.226662,-0.9319800000000809,1.1517259999999396
2b,01,29,C.C.C.C.C.C.C.C.C.C.C.C.C.C.O.O.O.O.O.O.O.S.[HH].[HH].[HH].[HH].[HH].[HH].[HH],-1,-1461.67575959,-1461.531239,-1461.51022828,-1461.368748,-1461.64324717,-1461.50278,-0.8363250000001157,1.0272749999999178
1d,01,25,C.C.C.C.C.C.C.C.C.C.C.C.N.O.O.S.[HH].[HH].[HH].[HH].[HH].[HH].[HH].[HH].[HH],0,-1065.44502899,-1065.294038,-1065.16237615,-1065.012734,-1065.44887456,-1065.30529,-0.8760360000000131,1.1460880000001907
2a,08,27,C.C.C.C.C.C.C.C.C.C.C.C.C.O.O.O.O.[HH].[HH].[HH].[HH].[HH].[HH].[HH].[HH].[HH].[HH],0,-801.694056652,-801.535086,-801.356367494,-801.202765,-801.771787651,-801.614106,-0.9438040000000141,1.197104999999965
4d,06,36,C.C.C.C.C.C.C.C.C.C.C.C.C.C.C.C.C.C.C.C.N.N.[HH].[HH].[HH].[HH].[HH].[HH].[HH].[HH].[HH].[HH].[HH].[HH].[HH].[HH],2,-878.81373416,-878.563646,-878.29125942,-878.043479,-879.113864131,-878.867857,-1.1689950000000093,1.3849509999998872
3f,05,24,C.C.C.C.C.C.C.C.C.C.C.C.N.N.[HH].[HH].[HH].[HH].[HH].[HH].[HH].[HH].[HH].[HH],2,-571.760867758,-571.596578,-571.14657707,-570.985926,-572.110707167,-571.949958,-1.2181640000000156,1.4754360000000588
4c,03,38,C.C.C.C.C.C.C.C.C.C.C.C.C.C.C.C.C.C.N.N.[HH].[HH].[HH].[HH].[HH].[HH].[HH].[HH].[HH].[HH].[HH].[HH].[HH].[HH].[HH].[HH].[HH].[HH],2,-805.041857729,-804.767135,-804.532612949,-804.262192,-805.364344085,-805.092449,-1.1900979999999348,1.3697270000000117
1a,02,27,C.C.C.C.C.C.C.C.C.C.C.C.C.Cl.N.O.S.[HH].[HH].[HH].[HH].[HH].[HH].[HH].[HH].[HH].[HH],0,-1489.01291578,-1488.852323,-1488.77692335,-1488.616173,-1488.99664496,-1488.845542,-0.8580029999999537,1.1009340000002794
4d,03,30,C.C.C.C.C.C.C.C.C.C.C.C.C.C.N.N.[HH].[HH].[HH].[HH].[HH].[HH].[HH].[HH].[HH].[HH].[HH].[HH].[HH].[HH],2,-650.345929689,-650.131424,-649.761910485,-649.551778,-650.660039686,-650.451022,-1.184381999999928,1.4444300000000112
4a,10,46,C.C.C.C.C.C.C.C.C.C.C.C.C.C.C.C.C.C.C.C.C.C.N.N.N.N.O.O.O.O.[HH].[HH].[HH].[HH].[HH].[HH].[HH].[HH].[HH].[HH].[HH].[HH].[HH].[HH].[HH].[HH],2,-1366.0792485,-1365.783186,-1365.55913582,-1365.270722,-1366.41695722,-1366.124103,-1.2057010000002177,1.3772480000000087
2c,04,32,C.C.C.C.C.C.C.C.C.C.C.C.C.C.C.C.N.O.O.[HH].[HH].[HH].[HH].[HH].[HH].[HH].[HH].[HH].[HH].[HH].[HH].[HH],0,-822.080703984,-821.871624,-821.805208457,-821.596857,-822.13213815,-821.925271,-0.9184309999999554,1.139550999999983
3c,11,32,C.C.C.C.C.C.C.C.C.C.C.C.C.C.N.N.[HH].[HH].[HH].[HH].[HH].[HH].[HH].[HH].[HH].[HH].[HH].[HH].[HH].[HH].[HH].[HH],2,-651.537634352,-651.299374,-650.939445997,-650.707177,-651.869233516,-651.633682,-1.1990920000000782,1.456980999999928
2a,12,19,C.C.C.C.C.C.C.C.C.C.O.O.O.[HH].[HH].[HH].[HH].[HH].[HH],0,-609.896922357,-609.793125,-609.580840246,-609.479721,-609.975173091,-609.874233,-0.945891999999972,1.1781879999999774
4c,04,32,C.C.C.C.C.C.C.C.C.C.C.C.C.N.N.N.O.[HH].[HH].[HH].[HH].[HH].[HH].[HH].[HH].[HH].[HH].[HH].[HH].[HH].[HH].[HH],2,-742.775049806,-742.55057,-742.20860827,-741.988143,-743.098941533,-742.87878,-1.1929940000000128,1.427210999999943
2a,02,27,C.C.C.C.C.C.C.C.C.C.C.C.C.O.O.O.O.[HH].[HH].[HH].[HH].[HH].[HH].[HH].[HH].[HH].[HH],0,-801.709818683,-801.549994,-801.371877933,-801.217112,-801.784393376,-801.627061,-0.9418510000000564,1.1976659999999129
4a,08,32,C.C.C.C.C.C.C.C.C.C.C.C.C.C.C.C.N.N.[HH].[HH].[HH].[HH].[HH].[HH].[HH].[HH].[HH].[HH].[HH].[HH].[HH].[HH],2,-726.314162094,-726.099681,-725.751495815,-725.540808,-726.641781387,-726.432008,-1.1971109999999638,1.4236570000000484
4d,04,30,C.C.C.C.C.C.C.C.C.C.C.C.C.C.N.N.[HH].[HH].[HH].[HH].[HH].[HH].[HH].[HH].[HH].[HH].[HH].[HH].[HH].[HH],2,-650.343463736,-650.127541,-649.75596049,-649.544105,-650.66380308,-650.452481,-1.1897240000000833,1.448219999999992
4b,10,48,C.C.C.C.C.C.C.C.C.C.C.C.C.C.C.C.C.C.C.C.C.C.C.C.N.N.[HH].[HH].[HH].[HH].[HH].[HH].[HH].[HH].[HH].[HH].[HH].[HH].[HH].[HH].[HH].[HH].[HH].[HH].[HH].[HH].[HH].[HH],2,-1035.92120245,-1035.569584,-1035.41063252,-1035.066579,-1036.22850333,-1035.881214,-1.1764139999999228,1.3677890000001298
2a,09,18,C.C.C.C.C.C.C.C.C.C.O.O.[HH].[HH].[HH].[HH].[HH].[HH],0,-534.700812298,-534.601369,-534.355509737,-534.260709,-534.770244233,-534.673198,-0.9366129999999797,1.2054439999999431
2d,02,22,Br.Br.Br.Br.C.C.C.C.C.C.C.C.C.C.C.C.O.O.[HH].[HH].[HH].[HH],0,-10905.0420483,-10904.966025,-10904.7387171,-10904.663036,-10905.1715524,-10905.097325,-0.9960840000009197,1.1677729999992152
4b,08,37,C.C.C.C.C.C.C.C.C.C.C.C.C.C.C.N.N.[HH].[HH].[HH].[HH].[HH].[HH].[HH].[HH].[HH].[HH].[HH].[HH].[HH].[HH].[HH].[HH].[HH].[HH].[HH].[HH],2,-692.035574463,-691.753844,-691.433180997,-691.159199,-692.356382812,-692.078081,-1.1890210000000392,1.459429
3d,05,32,C.C.C.C.C.C.C.C.C.C.C.C.C.C.N.N.[HH].[HH].[HH].[HH].[HH].[HH].[HH].[HH].[HH].[HH].[HH].[HH].[HH].[HH].[HH].[HH],2,-651.525976973,-651.285388,-650.915507935,-650.680559,-651.853857443,-651.616304,-1.195700000000002,1.4696129999999812
1b,03,25,C.C.C.C.C.C.C.C.C.C.C.C.C.N.O.S.[HH].[HH].[HH].[HH].[HH].[HH].[HH].[HH].[HH],0,-1028.35633676,-1028.205654,-1028.08691604,-1027.93674,-1028.34543715,-1028.202173,-0.8613029999998074,1.133698000000095
3d,02,35,C.C.C.C.C.C.C.C.C.C.C.C.C.C.C.N.N.[HH].[HH].[HH].[HH].[HH].[HH].[HH].[HH].[HH].[HH].[HH].[HH].[HH].[HH].[HH].[HH].[HH].[HH],2,-690.818570486,-690.555021,-690.228632064,-689.971003,-691.140474577,-690.878602,-1.1883649999999901,1.4488020000000006
1b,04,26,C.C.C.C.C.C.C.C.C.C.C.C.C.N.S.[HH].[HH].[HH].[HH].[HH].[HH].[HH].[HH].[HH].[HH].[HH],0,-954.369387223,-954.19905,-954.128357058,-953.957841,-954.345658221,-954.184868,-0.8506019999999948,1.1059930000000122
2b,02,27,C.C.C.C.C.C.C.C.C.C.C.C.C.C.O.O.O.O.O.S.[HH].[HH].[HH].[HH].[HH].[HH].[HH],-1,-1311.3352845,-1311.195837,-1311.16310496,-1311.02553,-1311.3082838,-1311.171325,-0.8402720000000412,1.0350910000001932
1c,00,29,C.C.C.C.C.C.C.C.C.C.C.C.C.C.C.C.N.S.[HH].[HH].[HH].[HH].[HH].[HH].[HH].[HH].[HH].[HH].[HH],0,-1068.61590845,-1068.429384,-1068.38456963,-1068.19781,-1068.62168636,-1068.441994,-0.8773939999999951,1.0963580000002366
4a,12,36,C.C.C.C.C.C.C.C.C.C.C.C.C.C.N.N.N.N.O.O.[HH].[HH].[HH].[HH].[HH].[HH].[HH].[HH].[HH].[HH].[HH].[HH].[HH].[HH].[HH].[HH],2,-911.376220622,-911.127241,-910.831017426,-910.585584,-911.69230754,-911.449551,-1.1870940000000159,1.4064409999999725
2c,06,35,C.C.C.C.C.C.C.C.C.C.C.C.C.C.C.N.O.O.O.O.[HH].[HH].[HH].[HH].[HH].[HH].[HH].[HH].[HH].[HH].[HH].[HH].[HH].[HH].[HH],0,-935.584014196,-935.352294,-935.287651365,-935.055816,-935.636357012,-935.408329,-0.9208189999999516,1.1612619999999652
2d,05,24,C.C.C.C.C.C.C.C.C.C.C.C.C.C.O.O.[HH].[HH].[HH].[HH].[HH].[HH].[HH].[HH],0,-688.216333745,-688.074145,-687.910364251,-687.769206,-688.284583029,-688.144894,-0.935532999999978,1.1697229999999763
3a,00,28,C.C.C.C.C.C.C.C.C.C.C.C.N.N.[HH].[HH].[HH].[HH].[HH].[HH].[HH].[HH].[HH].[HH].[HH].[HH].[HH].[HH],2,-574.143241914,-573.9417,-573.507929443,-573.309085,-574.471704882,-574.271986,-1.195070000000001,1.497398999999973
1b,01,28,C.C.C.C.C.C.C.C.C.C.C.C.C.C.N.O.S.[HH].[HH].[HH].[HH].[HH].[HH].[HH].[HH].[HH].[HH].[HH],0,-1067.63908111,-1067.46283,-1067.37714556,-1067.202838,-1067.62716139,-1067.458608,-0.860561999999973,1.1247760000001108
3c,17,29,C.C.C.C.C.C.C.C.C.C.C.C.C.N.N.[HH].[HH].[HH].[HH].[HH].[HH].[HH].[HH].[HH].[HH].[HH].[HH].[HH].[HH],2,-612.238060403,-612.025068,-611.617742214,-611.409099,-612.579267733,-612.369592,-1.2093079999999785,1.4807530000000497
1a,06,23,C.C.C.C.C.C.C.C.C.C.C.C.Cl.N.S.[HH].[HH].[HH].[HH].[HH].[HH].[HH].[HH],0,-1374.56946831,-1374.438,-1374.32560309,-1374.193882,-1374.55819714,-1374.434732,-0.8615159999998381,1.108902000000171
2a,07,21,C.C.C.C.C.C.C.C.C.C.C.Cl.O.O.[HH].[HH].[HH].[HH].[HH].[HH].[HH],0,-1033.4461406,-1033.332822,-1033.10432459,-1032.996024,-1033.52255794,-1033.411178,-0.9431399999999852,1.201582000000144
1d,02,34,C.C.C.C.C.C.C.C.C.C.C.C.C.C.C.N.O.O.O.O.S.[HH].[HH].[HH].[HH].[HH].[HH].[HH].[HH].[HH].[HH].[HH].[HH].[HH],0,-1332.44046104,-1332.225981,-1332.14775118,-1331.936658,-1332.45669838,-1332.248746,-0.8875489999999358,1.1541070000000673
1a,14,23,C.C.C.C.C.C.C.C.C.C.C.C.N.S.[HH].[HH].[HH].[HH].[HH].[HH].[HH].[HH].[HH],0,-915.103125813,-914.959994,-914.863171207,-914.718904,-915.081785174,-914.94738,-0.8521699999999013,1.1058740000000853
4c,00,32,C.C.C.C.C.C.C.C.C.C.C.C.C.N.N.O.[HH].[HH].[HH].[HH].[HH].[HH].[HH].[HH].[HH].[HH].[HH].[HH].[HH].[HH].[HH].[HH],2,-688.637156896,-688.405512,-688.050544197,-687.823936,-688.961793052,-688.733401,-1.1926729999999137,1.446360000000027
4b,07,36,C.C.C.C.C.C.C.C.C.C.C.C.C.C.C.C.N.N.N.N.[HH].[HH].[HH].[HH].[HH].[HH].[HH].[HH].[HH].[HH].[HH].[HH].[HH].[HH].[HH].[HH],2,-837.037669241,-836.792275,-836.425733621,-836.187896,-837.373183518,-837.131699,-1.2042080000000082,1.4691629999999805
4d,08,36,C.C.C.C.C.C.C.C.C.C.C.C.C.C.C.C.C.C.C.C.N.N.[HH].[HH].[HH].[HH].[HH].[HH].[HH].[HH].[HH].[HH].[HH].[HH].[HH].[HH],2,-878.811683487,-878.561146,-878.289761832,-878.04151,-879.112931159,-878.867368,-1.171006000000048,1.3844199999999773
3d,03,29,C.C.C.C.C.C.C.C.C.C.C.C.C.N.N.[HH].[HH].[HH].[HH].[HH].[HH].[HH].[HH].[HH].[HH].[HH].[HH].[HH].[HH],2,-612.234453435,-612.019866,-611.599046331,-611.390831,-612.569052978,-612.357848,-1.2027660000000109,1.4938189999999167
3c,03,32,C.C.C.C.C.C.C.C.C.C.C.C.C.C.N.N.[HH].[HH].[HH].[HH].[HH].[HH].[HH].[HH].[HH].[HH].[HH].[HH].[HH].[HH].[HH].[HH],2,-651.537817896,-651.30217,-650.947536676,-650.717953,-651.870118503,-651.636259,-1.198872999999949,1.4490010000000666
3c,06,33,C.C.C.C.C.C.C.C.C.C.C.C.C.C.N.N.O.[HH].[HH].[HH].[HH].[HH].[HH].[HH].[HH].[HH].[HH].[HH].[HH].[HH].[HH].[HH].[HH],2,-726.69683077,-726.455214,-726.123039492,-725.886644,-727.028624777,-726.790337,-1.199907000000067,1.4333539999998948
4a,06,36,C.C.C.C.C.C.C.C.C.C.C.C.C.C.N.N.O.O.[HH].[HH].[HH].[HH].[HH].[HH].[HH].[HH].[HH].[HH].[HH].[HH].[HH].[HH].[HH].[HH].[HH].[HH],2,-803.081506161,-802.821652,-802.528373643,-802.272609,-803.407010976,-803.149594,-1.1927260000000073,1.4138269999999693
2a,11,20,C.C.C.C.C.C.C.C.C.C.O.O.O.O.[HH].[HH].[HH].[HH].[HH].[HH],0,-685.070993785,-684.964572,-684.776991199,-684.672071,-685.142764023,-685.039727,-0.9399389999999952,1.1572850000000017
2c,02,29,C.C.C.C.C.C.C.C.C.C.C.C.C.N.O.O.[HH].[HH].[HH].[HH].[HH].[HH].[HH].[HH].[HH].[HH].[HH].[HH].[HH],0,-707.866191957,-707.671381,-707.575531421,-707.384206,-707.907854196,-707.715666,-0.909069000000059,1.1519590000000335
1a,00,30,C.C.C.C.C.C.C.C.C.C.C.C.C.C.N.O.S.[HH].[HH].[HH].[HH].[HH].[HH].[HH].[HH].[HH].[HH].[HH].[HH].[HH],0,-1068.82595011,-1068.627801,-1068.59954252,-1068.400219,-1068.80769393,-1068.617193,-0.8541759999999525,1.0923660000000837
2d,09,42,C.C.C.C.C.C.C.C.C.C.C.C.C.C.C.N.N.N.N.O.O.O.O.O.[HH].[HH].[HH].[HH].[HH].[HH].[HH].[HH].[HH].[HH].[HH].[HH].[HH].[HH].[HH].[HH].[HH].[HH],0,-1176.67115003,-1176.388378,-1176.41260332,-1176.131143,-1176.7286764,-1176.447274,-0.9236800000000043,1.1220190000001367
4a,02,30,C.C.C.C.C.C.C.C.C.C.C.C.C.C.Cl.Cl.Cl.Cl.N.N.[HH].[HH].[HH].[HH].[HH].[HH].[HH].[HH].[HH].[HH],2,-2488.10029508,-2487.937187,-2487.56252343,-2487.400394,-2488.44132163,-2488.280893,-1.208490000000111,1.4015770000000884
3a,02,26,C.C.C.C.C.C.C.C.C.C.C.C.N.N.[HH].[HH].[HH].[HH].[HH].[HH].[HH].[HH].[HH].[HH].[HH].[HH],0,-573.536502412,-573.365368,-573.245564904,-573.075241,-573.541975944,-573.374408,-0.8738240000000272,1.15491099999997
3d,01,41,C.C.C.C.C.C.C.C.C.C.C.C.C.C.C.C.C.N.N.[HH].[HH].[HH].[HH].[HH].[HH].[HH].[HH].[HH].[HH].[HH].[HH].[HH].[HH].[HH].[HH].[HH].[HH].[HH].[HH].[HH].[HH],2,-769.404512055,-769.088309,-768.828114042,-768.518492,-769.699472035,-769.387265,-1.1637399999999756,1.4346009999999296
1c,03,35,C.C.C.C.C.C.C.C.C.C.C.C.C.C.C.C.C.C.C.C.N.S.[HH].[HH].[HH].[HH].[HH].[HH].[HH].[HH].[HH].[HH].[HH].[HH].[HH],0,-1222.13184123,-1221.901501,-1221.90643265,-1221.675235,-1222.14392986,-1221.92113,-0.8844129999998953,1.091050000000223
3d,00,35,C.C.C.C.C.C.C.C.C.C.C.C.C.C.C.N.N.[HH].[HH].[HH].[HH].[HH].[HH].[HH].[HH].[HH].[HH].[HH].[HH].[HH].[HH].[HH].[HH].[HH].[HH],2,-690.82328374,-690.560743,-690.214923773,-689.957295,-691.143522207,-690.881887,-1.1859280000000039,1.4682319999999436
4b,02,31,C.C.C.C.C.C.C.C.C.C.C.C.C.N.N.[HH].[HH].[HH].[HH].[HH].[HH].[HH].[HH].[HH].[HH].[HH].[HH].[HH].[HH].[HH].[HH],2,-613.466412939,-613.239336,-612.85426997,-612.636279,-613.791611393,-613.567644,-1.1930919999999927,1.4678410000000213
1a,11,26,C.C.C.C.C.C.C.C.C.C.C.C.C.N.S.[HH].[HH].[HH].[HH].[HH].[HH].[HH].[HH].[HH].[HH].[HH],0,-954.385174769,-954.217928,-954.150160142,-953.981917,-954.363374181,-954.203708,-0.850563999999977,1.100795000000062
3c,08,32,C.C.C.C.C.C.C.C.C.C.C.C.C.C.N.N.O.O.[HH].[HH].[HH].[HH].[HH].[HH].[HH].[HH].[HH].[HH].[HH].[HH].[HH].[HH],2,-800.676628377,-800.454495,-800.091710014,-799.873812,-801.023330015,-800.803853,-1.214142000000052,1.4454669999998941
2a,04,21,C.C.C.C.C.C.C.C.C.C.C.O.O.[HH].[HH].[HH].[HH].[HH].[HH].[HH].[HH],0,-573.988150404,-573.86295,-573.650752721,-573.530553,-574.054044001,-573.931629,-0.9334630000000883,1.1971809999998868
2d,03,22,C.C.C.C.C.C.C.C.C.C.C.C.Cl.Cl.Cl.Cl.O.O.[HH].[HH].[HH].[HH],0,-2449.8663576,-2449.782791,-2449.56043716,-2449.479118,-2449.99224846,-2449.91123,-0.9932230000000712,1.168456999999762
2c,05,39,C.C.C.C.C.C.C.C.C.C.C.C.C.C.C.C.N.O.O.O.O.O.[HH].[HH].[HH].[HH].[HH].[HH].[HH].[HH].[HH].[HH].[HH].[HH].[HH].[HH].[HH].[HH].[HH],0,-1050.01966961,-1049.759062,-1049.73075848,-1049.472619,-1050.07807982,-1049.821087,-0.9268089999999487,1.15122700000029
2a,05,21,C.C.C.C.C.C.C.C.C.C.O.O.O.O.O.S.[HH].[HH].[HH].[HH].[HH],-1,-1157.79517713,-1157.698793,-1157.62266845,-1157.528724,-1157.75440938,-1157.660251,-0.8262419999999933,1.034853000000112
3c,05,27,C.C.C.C.C.C.C.C.C.C.C.C.C.N.N.N.[HH].[HH].[HH].[HH].[HH].[HH].[HH].[HH].[HH].[HH].[HH],2,-665.093771361,-664.911941,-664.473299987,-664.295045,-665.455261906,-665.27622,-1.2290630000000105,1.481679999999983
3f,03,31,C.C.C.C.C.C.C.C.C.C.C.C.C.C.C.Cl.N.N.[HH].[HH].[HH].[HH].[HH].[HH].[HH].[HH].[HH].[HH].[HH].[HH].[HH],2,-1147.86206466,-1147.646947,-1147.26807719,-1147.057347,-1148.19951398,-1147.987698,-1.2055349999999547,1.4543840000001182
